recall,precision,F1Score
0.142857142857143,0.333333333333333,0.2
0.571428571428571,0.444444444444444,0.5
0.166666666666667,0.5,0.25
0.375,0.6,0.461538461538462
0.222222222222222,0.4,0.285714285714286
0.2,1,0.333333333333333
0,0,0
0,0,0
0,0,0
0,0,0
