recall,precision,F1Score
0.1,0.5,0.166666666666667
0.125,1,0.222222222222222
0.285714285714286,0.4,0.333333333333333
0.428571428571429,0.75,0.545454545454545
0.125,1,0.222222222222222
0.2,0.666666666666667,0.307692307692308
0.125,1,0.222222222222222
0,0,0
0.222222222222222,0.666666666666667,0.333333333333333
0,0,0
